<?xml version="1.0" encoding="UTF-8" standalone="yes"?>
<addon id="script.hushamtweets" name="Husham Tweets" version="1.0.0" provider-name="Husham.com">
    <requires>
        <import addon="xbmc.python" version="2.25.0"/>
        <import addon="script.module.feedparser" version="5.1.3"/>
    </requires>
    <extension point="xbmc.python.script" library="settings.py"/>
    <extension point="xbmc.service" library="service.py" start="login"/>
    <extension point="xbmc.addon.metadata">
        		<summary lang="en_GB">Husham Tweets</summary>
                <license>GNU GENERAL PUBLIC LICENSE. Version 3, June 2007</license>
		        <platform>all</platform>
				<description lang="en_GB">Husham Tweet Updated Tweet, Addon Modifed from Lunatixz original addon</description>
        <website>https://twitter.com/hushammemar</website>
        <news>Husham Memar Tweets</news>
        <assets>
            <icon>resources/images/icon.png</icon>
            <fanart>resources/images/fanart.jpg</fanart>
            <screenshot>resources/images/screenshot01.png</screenshot>
            <screenshot>resources/images/screenshot02.png</screenshot>
            <screenshot>resources/images/screenshot03.png</screenshot>
            <screenshot>resources/images/screenshot04.png</screenshot>
        </assets>
    </extension>
</addon>
